Number,Name,Email
1,Alexander,alexander@gmail.com
2,Nagy,nagy@gmail.com
3,Brooks,brooks@gmail.com
4,Williams,williams@gmail.com
5,Rodriguez,rodriguez@gmail.com
6,Skinner,skinner@gmail.com
7,Sanchez,sanchez@gmail.com
8,Mcelyea,mcelyea@gmail.com
9,Weiss,weiss@gmail.com
10,Stevens,stevens@gmail.com
11,Engel,engel@gmail.com
12,Garner,garner@gmail.com
13,Faison,faison@gmail.com
14,Frazier,frazier@gmail.com
15,Baldwin,baldwin@gmail.com
16,Corona,corona@gmail.com
17,Urban,urban@gmail.com
18,Smith,smith@gmail.com
19,Blenman,blenman@gmail.com
20,Wood,wood@gmail.com
21,Mends,mends@gmail.com
22,Keaney,keaney@gmail.com
23,Rabun,rabun@gmail.com
24,Fulvio,fulvio@gmail.com
25,Hall,hall@gmail.com
26,Shields,shields@gmail.com
27,Hunt,hunt@gmail.com
28,Holtz,holtz@gmail.com
29,Seid,seid@gmail.com
30,Meeks,meeks@gmail.com
31,Thompson,thompson@gmail.com
32,Harbison,harbison@gmail.com
33,Quiroz,quiroz@gmail.com
34,Hauger,hauger@gmail.com
35,Delong,delong@gmail.com
36,Wright,wright@gmail.com
37,Kuhn,kuhn@gmail.com
38,Brunner,brunner@gmail.com
39,Goode,goode@gmail.com
40,Burt,burt@gmail.com
41,Wright,wright@gmail.com
42,Long,long@gmail.com
43,Houston,houston@gmail.com
44,Rascoe,rascoe@gmail.com
45,Alonzo,alonzo@gmail.com
46,Bremer,bremer@gmail.com
47,Murphy,murphy@gmail.com
48,Wiglesworth,wiglesworth@gmail.com
49,Rodriguez,rodriguez@gmail.com
50,Mouton,mouton@gmail.com
51,Welsh,welsh@gmail.com
52,Seabolt,seabolt@gmail.com
53,Winebarger,winebarger@gmail.com
54,Lewis,lewis@gmail.com
55,Tolbert,tolbert@gmail.com
56,Sisneros,sisneros@gmail.com
57,Thompson,thompson@gmail.com
58,Leister,leister@gmail.com
59,Mitchell,mitchell@gmail.com
60,Severance,severance@gmail.com
61,Henderson,henderson@gmail.com
62,Dunn,dunn@gmail.com
63,Skeen,skeen@gmail.com
64,Danielson,danielson@gmail.com
65,Ratliff,ratliff@gmail.com
66,Kidd,kidd@gmail.com
67,Hansen,hansen@gmail.com
68,Logan,logan@gmail.com
69,Brown,brown@gmail.com
70,Lee,lee@gmail.com
71,Nelson,nelson@gmail.com
72,Osborne,osborne@gmail.com
73,Pooler,pooler@gmail.com
74,Colgan,colgan@gmail.com
75,Cook,cook@gmail.com
76,Alewine,alewine@gmail.com
77,Dunn,dunn@gmail.com
78,Paschal,paschal@gmail.com
79,Johnston,johnston@gmail.com
80,Harris,harris@gmail.com
81,Deleon,deleon@gmail.com
82,Dunbar,dunbar@gmail.com
83,Sandoval,sandoval@gmail.com
84,Ussery,ussery@gmail.com
85,Kruse,kruse@gmail.com
86,Berger,berger@gmail.com
87,Monton,monton@gmail.com
88,Newman,newman@gmail.com
89,Patterson,patterson@gmail.com
90,Albert,albert@gmail.com
91,Flores,flores@gmail.com
92,Ramm,ramm@gmail.com
93,Larson,larson@gmail.com
94,Bowe,bowe@gmail.com
95,Davies,davies@gmail.com
96,Grider,grider@gmail.com
97,Guardado,guardado@gmail.com
98,Orphey,orphey@gmail.com
99,Smith,smith@gmail.com
