Number,Name,Email
1,Ramos,ramos@gmail.com
2,Walker,walker@gmail.com
3,Arellano,arellano@gmail.com
4,Lopez,lopez@gmail.com
5,Bryant,bryant@gmail.com
6,Snyder,snyder@gmail.com
7,Hoff,hoff@gmail.com
8,Stagnaro,stagnaro@gmail.com
9,Vinz,vinz@gmail.com
10,Sylvester,sylvester@gmail.com
11,Zuniga,zuniga@gmail.com
12,Campbell,campbell@gmail.com
13,Thompson,thompson@gmail.com
14,Connelly,connelly@gmail.com
15,Barden,barden@gmail.com
16,Thomas,thomas@gmail.com
17,Mccarthy,mccarthy@gmail.com
18,Peterson,peterson@gmail.com
19,Hirsch,hirsch@gmail.com
20,Robison,robison@gmail.com
21,Stewart,stewart@gmail.com
22,Mcmullen,mcmullen@gmail.com
23,Yeager,yeager@gmail.com
24,Landry,landry@gmail.com
25,Coren,coren@gmail.com
26,Booker,booker@gmail.com
27,Briggs,briggs@gmail.com
28,Talley,talley@gmail.com
29,Moreton,moreton@gmail.com
30,Upright,upright@gmail.com
31,Dancy,dancy@gmail.com
32,Conn,conn@gmail.com
33,Atkinson,atkinson@gmail.com
34,Felton,felton@gmail.com
35,Conklin,conklin@gmail.com
36,Garrity,garrity@gmail.com
37,Curley,curley@gmail.com
38,Licea,licea@gmail.com
39,Judd,judd@gmail.com
40,Macdonald,macdonald@gmail.com
41,Wright,wright@gmail.com
42,Casey,casey@gmail.com
43,Morgan,morgan@gmail.com
44,Lares,lares@gmail.com
45,Mendez,mendez@gmail.com
46,Johnson,johnson@gmail.com
47,Trembley,trembley@gmail.com
48,Small,small@gmail.com
49,Warner,warner@gmail.com
50,Son,son@gmail.com
51,Kerr,kerr@gmail.com
52,Daniels,daniels@gmail.com
53,Decastro,decastro@gmail.com
54,Denny,denny@gmail.com
55,Baron,baron@gmail.com
56,Miller,miller@gmail.com
57,Banks,banks@gmail.com
58,Pierce,pierce@gmail.com
59,Landis,landis@gmail.com
60,Beaman,beaman@gmail.com
61,Grace,grace@gmail.com
62,Monn,monn@gmail.com
63,Fincham,fincham@gmail.com
64,Keala,keala@gmail.com
65,Sanders,sanders@gmail.com
66,Turk,turk@gmail.com
67,Butler,butler@gmail.com
68,Holland,holland@gmail.com
69,Maldanado,maldanado@gmail.com
70,Mitchell,mitchell@gmail.com
71,Castro,castro@gmail.com
72,Dunlap,dunlap@gmail.com
73,Giordano,giordano@gmail.com
74,Vinton,vinton@gmail.com
75,Lermon,lermon@gmail.com
76,Edwards,edwards@gmail.com
77,Coria,coria@gmail.com
78,Loring,loring@gmail.com
79,Schmidt,schmidt@gmail.com
80,Oneill,oneill@gmail.com
81,Reffitt,reffitt@gmail.com
82,Barnes,barnes@gmail.com
83,Cottrell,cottrell@gmail.com
84,Read,read@gmail.com
85,Vanschoick,vanschoick@gmail.com
86,Dillingham,dillingham@gmail.com
87,Fisher,fisher@gmail.com
88,Brahler,brahler@gmail.com
89,Hartman,hartman@gmail.com
90,Kutner,kutner@gmail.com
91,Dishon,dishon@gmail.com
92,Doles,doles@gmail.com
93,Fuller,fuller@gmail.com
94,Helms,helms@gmail.com
95,West,west@gmail.com
96,Jimenez,jimenez@gmail.com
97,Swaim,swaim@gmail.com
98,Valentin,valentin@gmail.com
99,Judd,judd@gmail.com
100,Jones,jones@gmail.com
101,Temple,temple@gmail.com
102,Leray,leray@gmail.com
103,Roth,roth@gmail.com
104,Raine,raine@gmail.com
105,Edward,edward@gmail.com
106,Chitty,chitty@gmail.com
107,Graven,graven@gmail.com
108,Colby,colby@gmail.com
109,Mack,mack@gmail.com
110,Dickson,dickson@gmail.com
111,Bojorquez,bojorquez@gmail.com
112,Lairmore,lairmore@gmail.com
113,Kelty,kelty@gmail.com
114,Gambrell,gambrell@gmail.com
115,Thomas,thomas@gmail.com
116,Mannino,mannino@gmail.com
117,Campos,campos@gmail.com
118,Fogg,fogg@gmail.com
119,Conley,conley@gmail.com
120,Joel,joel@gmail.com
121,Maurer,maurer@gmail.com
122,Mireles,mireles@gmail.com
123,Biggs,biggs@gmail.com
124,Ventura,ventura@gmail.com
125,Bloomer,bloomer@gmail.com
126,Driskill,driskill@gmail.com
127,Haynes,haynes@gmail.com
128,Bates,bates@gmail.com
129,Siebert,siebert@gmail.com
130,Jackson,jackson@gmail.com
131,Lewis,lewis@gmail.com
132,Youngblood,youngblood@gmail.com
133,Watt,watt@gmail.com
134,Howell,howell@gmail.com
135,Frias,frias@gmail.com
136,Combass,combass@gmail.com
137,Molleur,molleur@gmail.com
138,Rivera,rivera@gmail.com
139,Kopplin,kopplin@gmail.com
140,Dretzka,dretzka@gmail.com
141,Smittle,smittle@gmail.com
142,Hanley,hanley@gmail.com
143,Conners,conners@gmail.com
144,Nagata,nagata@gmail.com
145,Price,price@gmail.com
146,Cook,cook@gmail.com
147,Goodwin,goodwin@gmail.com
148,Baumbach,baumbach@gmail.com
149,Weiss,weiss@gmail.com
150,Castillo,castillo@gmail.com
151,Dagostino,dagostino@gmail.com
152,Sampson,sampson@gmail.com
153,Doud,doud@gmail.com
154,Williams,williams@gmail.com
155,Perez,perez@gmail.com
156,Sanchez,sanchez@gmail.com
157,Kelley,kelley@gmail.com
158,Walsh,walsh@gmail.com
159,Colen,colen@gmail.com
160,Plateroti,plateroti@gmail.com
161,Arrington,arrington@gmail.com
162,Hawkinson,hawkinson@gmail.com
163,Goldman,goldman@gmail.com
164,Carter,carter@gmail.com
165,Housley,housley@gmail.com
166,Jennings,jennings@gmail.com
167,Maxey,maxey@gmail.com
168,Delgado,delgado@gmail.com
169,Singley,singley@gmail.com
170,Brotherton,brotherton@gmail.com
171,Weaver,weaver@gmail.com
172,Berkley,berkley@gmail.com
173,Pontillo,pontillo@gmail.com
174,Arredondo,arredondo@gmail.com
175,Hernandez,hernandez@gmail.com
176,Welsh,welsh@gmail.com
177,Spann,spann@gmail.com
178,Stone,stone@gmail.com
179,Tristan,tristan@gmail.com
180,Hunt,hunt@gmail.com
181,Ingram,ingram@gmail.com
182,Edgerton,edgerton@gmail.com
183,Ziebarth,ziebarth@gmail.com
184,Hughes,hughes@gmail.com
185,Knapp,knapp@gmail.com
186,Andrews,andrews@gmail.com
187,Barnhardt,barnhardt@gmail.com
188,Goode,goode@gmail.com
189,Looper,looper@gmail.com
190,Jacobs,jacobs@gmail.com
191,Randolph,randolph@gmail.com
192,Carrier,carrier@gmail.com
193,Mcdaniels,mcdaniels@gmail.com
194,Moreno,moreno@gmail.com
195,Precythe,precythe@gmail.com
196,Lewis,lewis@gmail.com
197,Antczak,antczak@gmail.com
198,Floyd,floyd@gmail.com
199,Mckinsey,mckinsey@gmail.com
200,Jares,jares@gmail.com
201,Dufour,dufour@gmail.com
202,Santana,santana@gmail.com
203,Hansen,hansen@gmail.com
204,Butler,butler@gmail.com
205,Held,held@gmail.com
206,Brei,brei@gmail.com
207,Patton,patton@gmail.com
208,Desrosier,desrosier@gmail.com
209,West,west@gmail.com
210,Malone,malone@gmail.com
211,Dixon,dixon@gmail.com
212,Bell,bell@gmail.com
213,Lamontagne,lamontagne@gmail.com
214,Mcdonald,mcdonald@gmail.com
215,Tilotta,tilotta@gmail.com
216,Stanford,stanford@gmail.com
217,Reyes,reyes@gmail.com
218,Minnis,minnis@gmail.com
219,Bruce,bruce@gmail.com
220,Jenkins,jenkins@gmail.com
221,Byrd,byrd@gmail.com
222,Horvath,horvath@gmail.com
223,Baker,baker@gmail.com
224,Digregorio,digregorio@gmail.com
225,Fox,fox@gmail.com
226,Brewer,brewer@gmail.com
227,Gray,gray@gmail.com
228,Rippel,rippel@gmail.com
229,Lima,lima@gmail.com
230,Phillips,phillips@gmail.com
231,Oneill,oneill@gmail.com
232,Chambers,chambers@gmail.com
233,Biltz,biltz@gmail.com
234,Boissonneault,boissonneault@gmail.com
235,Kelly,kelly@gmail.com
236,Young,young@gmail.com
237,Hahn,hahn@gmail.com
238,Reker,reker@gmail.com
239,Roberts,roberts@gmail.com
240,Bolduc,bolduc@gmail.com
241,Thomas,thomas@gmail.com
242,Armstrong,armstrong@gmail.com
243,Lopez,lopez@gmail.com
244,Mason,mason@gmail.com
245,Turman,turman@gmail.com
246,Williams,williams@gmail.com
247,Ortega,ortega@gmail.com
248,Black,black@gmail.com
249,Gurke,gurke@gmail.com
250,Bullock,bullock@gmail.com
251,Musgrave,musgrave@gmail.com
252,Wagner,wagner@gmail.com
253,Timberlake,timberlake@gmail.com
254,Owens,owens@gmail.com
255,Fountain,fountain@gmail.com
256,Leatherman,leatherman@gmail.com
257,Martin,martin@gmail.com
258,Cunningham,cunningham@gmail.com
259,Simmons,simmons@gmail.com
260,Ortega,ortega@gmail.com
261,Maguire,maguire@gmail.com
262,Dunn,dunn@gmail.com
263,Casarez,casarez@gmail.com
264,Krewson,krewson@gmail.com
265,Pfeiffer,pfeiffer@gmail.com
266,Dorris,dorris@gmail.com
267,Lee,lee@gmail.com
268,Bewick,bewick@gmail.com
269,Mills,mills@gmail.com
270,Trover,trover@gmail.com
271,Watson,watson@gmail.com
272,Coleman,coleman@gmail.com
273,Lucero,lucero@gmail.com
274,Losoya,losoya@gmail.com
275,Garren,garren@gmail.com
276,Duncan,duncan@gmail.com
277,Pentz,pentz@gmail.com
278,Camacho,camacho@gmail.com
279,Mealy,mealy@gmail.com
280,Lane,lane@gmail.com
281,Chung,chung@gmail.com
282,Wilson,wilson@gmail.com
283,Pulliam,pulliam@gmail.com
284,Handy,handy@gmail.com
285,Soriano,soriano@gmail.com
286,Dahlstrom,dahlstrom@gmail.com
287,Jenkins,jenkins@gmail.com
288,Mcknight,mcknight@gmail.com
289,Woods,woods@gmail.com
290,Gibson,gibson@gmail.com
291,Atherton,atherton@gmail.com
292,Chapman,chapman@gmail.com
293,Willis,willis@gmail.com
294,Reyes,reyes@gmail.com
295,Summerlin,summerlin@gmail.com
296,Plaskett,plaskett@gmail.com
297,Armstrong,armstrong@gmail.com
298,Fletcher,fletcher@gmail.com
299,Barrett,barrett@gmail.com
300,Chen,chen@gmail.com
301,Bryan,bryan@gmail.com
302,Kadis,kadis@gmail.com
303,Cousin,cousin@gmail.com
304,Faulds,faulds@gmail.com
305,Fry,fry@gmail.com
306,Tanaka,tanaka@gmail.com
307,Ciaccio,ciaccio@gmail.com
308,Youree,youree@gmail.com
309,Wright,wright@gmail.com
310,Lira,lira@gmail.com
311,Whaley,whaley@gmail.com
312,Gracey,gracey@gmail.com
313,Conner,conner@gmail.com
314,Lowry,lowry@gmail.com
315,Escobedo,escobedo@gmail.com
316,Sargent,sargent@gmail.com
317,Nguyen,nguyen@gmail.com
318,Limbaugh,limbaugh@gmail.com
319,Berg,berg@gmail.com
320,Kohnz,kohnz@gmail.com
321,Merritt,merritt@gmail.com
322,Donahue,donahue@gmail.com
323,Daniels,daniels@gmail.com
324,Grubaugh,grubaugh@gmail.com
325,Gulick,gulick@gmail.com
326,Garcia,garcia@gmail.com
327,King,king@gmail.com
328,Rogers,rogers@gmail.com
329,Sheppard,sheppard@gmail.com
330,Gonzalez,gonzalez@gmail.com
331,Hudson,hudson@gmail.com
332,Baker,baker@gmail.com
333,Lopez,lopez@gmail.com
334,Robinson,robinson@gmail.com
335,Cruz,cruz@gmail.com
336,Tran,tran@gmail.com
337,Cangelosi,cangelosi@gmail.com
338,Obrien,obrien@gmail.com
339,Tartt,tartt@gmail.com
340,Smith,smith@gmail.com
341,Steele,steele@gmail.com
342,Frick,frick@gmail.com
343,Warner,warner@gmail.com
344,Gentile,gentile@gmail.com
345,Mullin,mullin@gmail.com
346,White,white@gmail.com
347,Garnett,garnett@gmail.com
348,Womack,womack@gmail.com
349,Stecklein,stecklein@gmail.com
350,Nelson,nelson@gmail.com
351,Rhee,rhee@gmail.com
352,Martin,martin@gmail.com
353,Clemons,clemons@gmail.com
354,Hopfensperger,hopfensperger@gmail.com
355,Thomas,thomas@gmail.com
356,Deloye,deloye@gmail.com
357,Else,else@gmail.com
358,Ertz,ertz@gmail.com
359,Kennedy,kennedy@gmail.com
360,Kempson,kempson@gmail.com
361,Snyder,snyder@gmail.com
362,Cornwell,cornwell@gmail.com
363,Ostrander,ostrander@gmail.com
364,Shibley,shibley@gmail.com
365,Fountain,fountain@gmail.com
366,Austin,austin@gmail.com
367,Roy,roy@gmail.com
368,Honey,honey@gmail.com
369,Butterworth,butterworth@gmail.com
370,Herring,herring@gmail.com
371,Klein,klein@gmail.com
372,Hanson,hanson@gmail.com
373,Tucci,tucci@gmail.com
374,Cox,cox@gmail.com
375,Martin,martin@gmail.com
376,Covington,covington@gmail.com
377,Dingus,dingus@gmail.com
378,Robinson,robinson@gmail.com
379,Coughlin,coughlin@gmail.com
380,Smith,smith@gmail.com
381,Richardson,richardson@gmail.com
382,Piercy,piercy@gmail.com
383,Mccabe,mccabe@gmail.com
384,Scarnati,scarnati@gmail.com
385,Glass,glass@gmail.com
386,Pitpitan,pitpitan@gmail.com
387,Somers,somers@gmail.com
388,Dilsaver,dilsaver@gmail.com
389,Matthews,matthews@gmail.com
390,Huggins,huggins@gmail.com
391,Kiger,kiger@gmail.com
392,Cullom,cullom@gmail.com
393,Hyden,hyden@gmail.com
394,Bentley,bentley@gmail.com
395,Zeinert,zeinert@gmail.com
396,Osborn,osborn@gmail.com
397,Jackson,jackson@gmail.com
398,Mcmullen,mcmullen@gmail.com
399,Billups,billups@gmail.com
400,Spiller,spiller@gmail.com
401,Lightner,lightner@gmail.com
402,Stohr,stohr@gmail.com
403,Ohler,ohler@gmail.com
404,Brown,brown@gmail.com
405,Asif,asif@gmail.com
406,Richardson,richardson@gmail.com
407,Cook,cook@gmail.com
408,Warren,warren@gmail.com
409,Smith,smith@gmail.com
410,Mcdonnell,mcdonnell@gmail.com
411,Snyder,snyder@gmail.com
412,Winston,winston@gmail.com
413,Rodriquez,rodriquez@gmail.com
414,Brandt,brandt@gmail.com
415,Crowley,crowley@gmail.com
416,Bulfer,bulfer@gmail.com
417,Stockton,stockton@gmail.com
418,Hunter,hunter@gmail.com
419,Stern,stern@gmail.com
420,Langston,langston@gmail.com
421,Duke,duke@gmail.com
422,Reinoso,reinoso@gmail.com
423,Przygocki,przygocki@gmail.com
424,Newsome,newsome@gmail.com
425,Peters,peters@gmail.com
426,Tyler,tyler@gmail.com
427,Wheeler,wheeler@gmail.com
428,Hill,hill@gmail.com
429,Grizzard,grizzard@gmail.com
430,Middleton,middleton@gmail.com
431,Lane,lane@gmail.com
432,Riley,riley@gmail.com
433,Bradshaw,bradshaw@gmail.com
434,Marshall,marshall@gmail.com
435,Mcmanus,mcmanus@gmail.com
436,Cole,cole@gmail.com
437,Tate,tate@gmail.com
438,Erbst,erbst@gmail.com
439,Laughman,laughman@gmail.com
440,Allendorf,allendorf@gmail.com
441,Vidot,vidot@gmail.com
442,Garcia,garcia@gmail.com
443,Dense,dense@gmail.com
444,Neal,neal@gmail.com
445,Strahm,strahm@gmail.com
446,Gibson,gibson@gmail.com
447,Smith,smith@gmail.com
448,Washington,washington@gmail.com
449,Stephens,stephens@gmail.com
450,Hall,hall@gmail.com
